<odrTrace>
<messages>
    <entry name="BREAK_AFFINITY" id="1" level="info">
        <text>Affinity was broken for a request because %s.</text>
        <summary>Affinity was broken for a request</summary>
        <description>Affinity was broken for a request.</description>    	
        <suggestion>Investigate the reason given for breaking affinity.</suggestion>
    </entry>
     <entry name="UNKNOWN_JSON_ACTION" id="2" level="warning">
        <text>Unknown JSON action: '%s'</text>
        <summary>Unexpected JSON response format received from the Intelligent Management service</summary>
        <description>Unexpected JSON response format received from the Intelligent Management service</description>    	
        <suggestion>This error suggests that Intelligent Management library and Intelligent Management service may be at different versions</suggestion>
    </entry> 
    <entry name="UNEXPECTED_JSON_KEY" id="3" level="error">
        <text>Unexpected JSON key; expecting 'objects' or 'relationships', but found '%s'</text>
        <summary>Unexpected JSON response format received from the Intelligent Management service</summary>
        <description>Unexpected JSON response format received from the Intelligent Management service</description>    	
        <suggestion>This error suggests that Intelligent Management library and Intelligent Management service may be at different versions</suggestion>
    </entry>
    <entry name="INVALID_JSON" id="4" level="error">
        <text>Invalid JSON from %s; error=%s; json={{%s}}</text>
        <summary>Unexpected JSON response format received from the Intelligent Management service</summary>
        <description>Unexpected JSON response format received from the Intelligent Management service</description>    	
        <suggestion>This error suggests that Intelligent Management library and Intelligent Management service may be at different versions</suggestion>
    </entry>
    <entry name="NO_CONNECTOR_ERROR" id="5" level="error">
        <text>No Connector found under ConnectorGroup %s to start</text>
        <summary>No connector was found under the specific connector Group to start.</summary>
        <description>No connector was found under the specific connector Group to start.</description>    	
        <suggestion>This error suggests that there should be at least one or more connector under a connector Group</suggestion>
    </entry>
    <entry name="SYNTAX_PARSING_ERROR" id="6" level="error">
        <text>Syntax error while parsing expression '%s'.  Details: '%s' at position %d.</text>
        <summary>An expression contains a syntax error. </summary>
        <description>Expression is improperly formatted; it contains a syntax error. </description>    	
        <suggestion>Examine the expressions you are using for your rules and correct any problems found.</suggestion>
    </entry>  
    <entry name="INTERNAL_EXPR_ERROR" id="7" level="error">
        <text>Internal error.  Details: '%s'</text>
        <summary>An internal error occurred.</summary>
        <description>An internal error occurred in the rules and expression parsing code. </description>    	
        <suggestion>Examine the expressions you are using for your rules and correct any problems found; if the problem persists, contact your service representative.</suggestion>
    </entry>    
    <entry name="HTTP_REQ_PER_REQUEST_TRACE_RULE_MATCHED" id="8" level="info">
        <text>ODR trace rule %d of type '%s' ('%s') matched request with url '%s:%d//%s\n'.</text>
        <summary>An inbound request matches a per-request trace rule of the On-Demand Router.</summary>
        <description>An HTTP or HTTPS request having the specified URL matched a previously-defined On-Demand Router per-request trace enablement rule.</description>    	
        <suggestion>If this is not expected, examine the On-Demand Router trace rules you have defined to help determine why the named request matched.</suggestion>
    </entry>    
    <entry name="ODR_STATE_CHANGE" id="9" level="info">
        <text>ODR library state changed from %s to %s, reason: %s</text>
        <summary>The ODR library state changed</summary>
        <description>Informative message notifying of an ODR library state change</description>
        <suggestion>
        The ODR library state can change unexpectedly if it's connection to the REST service fails and failover occurs.
        If the ODR library remains in a state other than STARTED for an extended period of time, connectivity to WebSphere
        is not complete.  This may happen if one of the cells to which the ODR library is connected is completely down.
        </suggestion>
    </entry>
    <entry name="HTTP_REQ_PER_REQUEST_ROUTING_RULE_MATCHED" id="10" level="info">
        <text>ODR routing rule %d matched request with url '%s:%d//%s\n'.</text>
        <summary>An inbound request matches an On-Demand Router routing rule. </summary>
        <description>An HTTP or HTTPS request having the specified URL matched a previously-defined On-Demand Router routing rule.</description>    	
        <suggestion>If this is not expected, examine the On-Demand Router routing rules you have defined to help determine why the named request matched.</suggestion>
    </entry>  
    <entry name="HTTP_REQ_PARSING_ERROR" id="11" level="error">
        <text>Expression '%s' cannot be parsed at position %d.  Details: %s.</text>
        <summary>A erroneous expression was supplied on a rule.</summary>
        <description>A trace or routing rule was supplied with an expression which contained a syntax error.</description>    	
        <suggestion>Carefully examine the routing and tracing rules you have defined to determine where the syntax error exists.</suggestion>
    </entry>  
    <entry name="RESPONSE_HEALTH_POLICY_TRIGGERED" id="12" level="info">
        <text>The average response time limit specified by policy %s was exceeded by server %s on node %s in cell %s.  The limit is %d ms and the current value is %d ms.</text>
        <summary>The server is responding too slowly to incoming requests.</summary>
        <description>The response time of requests to the indicated server exceeds the threshold of the indicated health policy.</description>    	
        <suggestion>If the policy is supervised, check the runtime tasks to approve the configured response.</suggestion>
    </entry>
    <entry name="TIMEOUT_HEALTH_POLICY_TRIGGERED" id="13" level="info">
        <text>The request timeout limit specified by policy %s was exceeded by server %s on node %s in cell %s. The limit is %d %% and the current timeout fraction is %d %%.</text>
        <summary>The server is experiencing a large number of request timeouts.</summary>
        <description>The percentage of requests to the indicated server that have timed out exceeds the threshold of the indicated health policy.</description>    	
        <suggestion>If the policy is supervised, check the runtime tasks to approve the configured response.</suggestion>
    </entry>
    <entry name="REQ_TRACE_SPEC_ADDED" id="14" level="notice">
        <text>Request trace rule %d with condition: %s and specification %s has been added.</text>
        <summary>A new conditional per-request trace specification has been set.</summary>
        <description>A new conditional per-request trace specification having the specified order has been set for the specified condition. </description>    	
        <suggestion>No suggestions apply - this is normal operation.</suggestion>
    </entry>
    <entry name="REQ_TRACE_SPEC_REMOVED" id="15" level="notice">
        <text>Request trace rule %d has been removed</text>
        <summary>A conditional per-request trace specification has been set.</summary>
        <description>A conditional per-request trace specification having the specified order has been removed. </description>    	
        <suggestion>No suggestions apply - this is normal operation.</suggestion>
    </entry>
    <entry name="DEFAULT_REQ_TRACE_SPEC_SET" id="16" level="notice">
        <text>Default request tracing has been set.  The default request trace specification is now %s.</text>
        <summary>A default per-request trace specification has been set.</summary>
        <description>A default per-request trace specification has been set. If no request trace conditions apply, then the trace used for per-request tracing will be this one.</description>    	
        <suggestion>No suggestions apply - this is normal operation.</suggestion>
    </entry>
    <entry name="DEFAULT_REQ_TRACE_SPEC_REMOVED" id="17" level="notice">
        <text>Default request tracing has been removed.</text>
        <summary>A default per-request trace specification has been removed.</summary>
        <description>A default per-request trace specification has been removed. If no request trace conditions apply, then the trace used for per-request tracing will be the overall default trace setting.</description>    	
        <suggestion>No suggestions apply - this is normal operation.</suggestion>
    </entry>
    <entry name="DEFAULT_TRACE_SPEC_SET" id="18" level="notice">
        <text>Default tracing has been set to %s.</text>
        <summary>The system-wide default trace specification has been set.</summary>
        <description>The default system-wide trace specification has been set. This trace will be used for non-request paths, and on request paths if no per-request specification applies.</description>    	
        <suggestion>No suggestions apply - this is normal operation.</suggestion>
    </entry>    
    <entry name="DEFAULT_TRACE_SPEC_RESET" id="19" level="notice">
        <text>Default tracing has been reset to %s.</text>
        <summary>The system-wide default trace specification has been reset.</summary>
        <description>The default system-wide trace specification has been reset to the specified value. This trace will be used for non-request paths, and on request paths if no per-request specification applies.</description>    	
        <suggestion>No suggestions apply - this is normal operation.</suggestion>
    </entry> 
    <entry name="SERVER_STATE_CHANGE" id="20" level="info">
        <text>State changed to %s from %s for the server '%s'</text>
        <summary>Middleware server state has been changed</summary>
        <description>Middleware server state has been changed</description>      
        <suggestion>No suggestions apply - this is normal operation.</suggestion>
    </entry> 
    <entry name="CONNECTOR_STATE_CHANGE" id="21" level="info">
        <text>Connector %s state changed to %s from %s, reason: %s</text>
        <summary>Connector state has been changed</summary>
        <description>Connector state has been changed</description>      
        <suggestion>No suggestions apply - this is normal operation.</suggestion>
    </entry> 
    <entry name="SERVER_CONNECT_FAILURE" id="22" level="warning">
        <text>Failed to connect to server %s, reason: %s</text>
        <summary>Failed to connect to middleware server</summary>
        <description>Failed to connect to middleware server</description>      
        <suggestion>No suggestions apply - this is normal operation.</suggestion>
    </entry> 
    <entry name="ODR_BAD_PORT_PATH" id="23" level="error">
        <text>ODR library fatal error: Unable to establish IPC communication, reason: %s</text>
        <summary>The ODR library initialization failed </summary>
        <description>Unable to create unix-domain socket</description>      
        <suggestion>Insure that the path exists and permissions are sufficient</suggestion>
    </entry> 
    <entry name="DEFAULT_TRACE_SPEC_SET_EMPTY" id="24" level="notice">
        <text>Default tracing is not set.</text>
        <summary>The system-wide default trace specification is not set.</summary>
        <description>No tracing is set for non-request paths or request paths if no per-request specification applies.</description>    	
        <suggestion>No suggestions apply - this is normal operation.</suggestion>
    </entry>
    <entry name="routingRulesReceivedPropertyNotMatched" id="25" level="warning">
        <text>Received routing rules from ConnectorCluster %s; %s does not match RoutingRulesConnectorClusterName value %s. Ignoring the routing rules received from ConnectorCluster %s.</text>
        <summary>Ignoring routing rules from a ConnectorCluster that does not match RoutingRulesConnectorClusterName property.</summary>
        <description>Routing rules are accepted only from the ConnectorCluster specified in the RoutingRulesConnectorClusterName property.</description>    	
        <suggestion>Make sure the RoutingRulesConnectorClusterName property in the plugin configuration file has the name of the correct ConnectorCluster.</suggestion>
    </entry>
    <entry name="routingRulesReceivedPropertyNotSpecified" id="26" level="warning">
        <text>Received routing rules from ConnectorCluster %s; RoutingRulesConnectorClusterName property was not set. Ignoring the routing rules received from ConnectorCluster %s.</text>
        <summary>Ignoring routing rules because the RoutingRulesConnectorClusterName property was not set.</summary>
        <description>Routing rules are accepted only from the ConnectorCluster specified in the RoutingRulesConnectorClusterName property.</description>    	
        <suggestion>Make sure the RoutingRulesConnectorClusterName property is specified in the plugin configuration file.</suggestion>
    </entry>           
</messages>

<group name="http">
    <group name="request" description="All HTTP request processing">
        <group name="rules" description="HTTP Request Routing and Trace Rules Evaluation">
           <record name="traceRuleMatch" id="8"/>
           <record name="process" defaultLevel="debug" description="General Rules processing messages"/>	
        </group>
        <record name="process" defaultLevel="debug" description="General process messages"/>	
        <record name="plugin" level="debug" description="General WebSphere Plugin request processing."/>
        <group name="map" description="Map a request to the correct web module">
           <record name="url" defaultLevel="debug" description="Map the request to a web module of some edition of the appropriate application"/>
           <record name="editionRules" defaultLevel="debug" description="Evaluate rules in order to determine which edition of the web module to route"/>
        </group>
        <group name="select" description="Select a target endpoint for a server running the web module">
           <group name="affinity" description="Request affinity processing">
             <record name="process" defaultLevel="debug" description="General affinity processing"/>
             <record name="cookie" defaultLevel="debug" description="Cookie processing on the request"/>
             <record name="keep" defaultLevel="debug" description="Keep affinity to a server"/>
             <record name="break" defaultLevel="info" description="Break affinity to a server"/>
           </group>
           <record name="balance" defaultLevel="debug" description="Load balance processing."/>
           <record name="editionRollout" defaultLevel="info" description="Application edition rollout related trace"/>
           <record name="process" defaultLevel="debug" description="Miscellaneous selection processing."/>
        </group>
        <record name="connectFailure" id="22"/>
    </group>
    <group name="response" description="All HTTP response processing">
       <group name="error" description="An HTTP error is being returned.">
          <record name="404" level="info" />
          <record name="503" level="info" />
       </group>
       <record name="process" level="debug" description="General response processing."/>
       <record name="plugin" level="debug" description="General WebSphere Plugin response processing."/>
       <record name="health" level="debug" description="Health policy processing"/>
    </group>
    <record name="stateChange" defaultLevel="debug" description="state change occurred"/>
    <record name="summary" defaultLevel="info" description="request/response summary information"/>
</group>

<group name="control" description="Control flow processing, not on the request path">
 	<record name="defaultdebug" defaultLevel="debug" description="default debug trace"/>
    <record name="badportpath" id="23"/>
    <record name="stateChange" id="9"/>
    <record name="process" defaultLevel="debug" description="General processing on the control flow"/>
    <record name="mapper" defaultLevel="debug" description="Building the request mapper"/>
    <record name="selector" defaultLevel="debug" description="Building the target selector"/>
    <record name="serverStateChange" id="20"/>
    <record name="connectorStateChange" id="21"/>
    <group name="heap" description="Heap activity monitoring">
        <record name="process" defaultLevel="debug" description="General heap processing"/>
        <record name="leak" defaultLevel="debug" description="Heap leak reporting"/>
        <record name="allocation" defaultLevel="debug" description="Heap allocation tracing"/>
    </group>
    <group name="rest" description="Rest activity monitoring">
        <record name="process" defaultLevel="debug" description="General rest processing"/>
    </group>
    <group name="trace" description="Trace settings monitoring">
       <record name="requestTraceSpecAdded" id="14"/>
       <record name="requestTraceSpecRemoved" id="15"/>
       <record name="defaultReqTraceSpecSet" id="16"/>
       <record name="defaultReqTraceSpecReset" id="17"/>
       <record name="defaultTraceSpecSet" id="18"/>
       <record name="defaultTraceSpecReset" id="19"/>
       <record name="defaultTraceSpecSetEmpty" id="24"/>
    </group>
    <group name="rules" description="Rules management trace">
        <group name="parsing" description="Rule parsing control flow">
           <record name="error" id="11"/>
           <record name="process" defaultLevel="debug" description="General rules parsing"/>
        </group>
        <group name="routing" description="Routing Rules specific trace">
        	<record name="receivedWrongProperty" id="25"/>
        	<record name="receivedNoProperty" id="26"/>
        </group>
        <record name="insertAndRemove" defaultLevel="debug" description="Rules list insertions and deletions"/>
        <record name="list" defaultLevel="debug" description="Rules list dump after insertions and removals"/>
        <record name="process" defaultLevel="debug" description="General rules list processing"/>
    </group>
    <group name="json" description="JSON that was received, updated, and sent">
        <record name="received" defaultLevel="debug"/>
        <record name="updated" defaultLevel="debug"/>
        <record name="sent" defaultLevel="debug"/>
    </group>
    <record name="ipc" defaultLevel="debug" description="All IPC processing related in the multi-process Apache architecture"/>
    <group name="error" description="Errors which occur on the control path">
        <record name="invalidAction" id="2"/>
        <record name="invalidKey" id="3"/>
        <record name="invalidJSON" id="4"/>
        <record name="noConnectorError" id="5"/>
        <record name="internalError" id="7"/>
    </group>
    <record name="health" defaultLevel="debug" description="Health policy checking"/>
    <record name="responseHealthPolicyTriggered" id="12"/>
    <record name="timeoutHealthPolicyTriggered" id="13"/>
</group>

</odrTrace>
